model,machine,context_length,horizon,with_covariates,device,n_samples,mae,rmse,inference_ms,coverage,crps,winkler,training_mode,ft_epochs,ft_time_s,ft_train_machines,experiment
granite-ttm-ft-E4_ctx1024_uni,ares,1024,60,False,cuda,25,0.0011162312825520834,0.0012306126176915811,7.266807560081361,,,,ft_combined,0,1482.278143264,combined,E4_ctx1024_uni
granite-ttm-ft-E6_ctx1024_h192_uni,ares,1024,60,False,cuda,25,0.0010716921488444012,0.0012005849686638414,5.210565440283972,,,,ft_combined,1,1626.293196609,combined,E6_ctx1024_h192_uni
granite-ttm,ares,1024,60,False,cuda,25,0.0040572916666666,0.0043856061971614,5.105481360001249,,,,zero_shot,,,,
granite-ttm-ft-E5_ctx1024_mix10,ares,1024,60,True,cuda,25,0.001143646240234375,0.001144645946796031,8.887343119931757,,,,ft_combined,11,4203.246887862,combined,E5_ctx1024_mix10
granite-ttm-ft-E7_ctx1024_h192_mix10,ares,1024,60,True,cuda,25,0.0006448911031087239,0.0006534684918087497,9.004557719890727,,,,ft_combined,8,3565.928566823999,combined,E7_ctx1024_h192_mix10
granite-ttm-ft-E4_ctx1024_uni,ares,1024,96,False,cuda,25,0.0014510838190714517,0.0015773033816254647,8.462054559786338,,,,ft_combined,0,1482.278143264,combined,E4_ctx1024_uni
granite-ttm-ft-E6_ctx1024_h192_uni,ares,1024,96,False,cuda,25,0.0011017187436421713,0.0012304864601796496,6.093215440123458,,,,ft_combined,1,1626.293196609,combined,E6_ctx1024_h192_uni
granite-ttm-ft-E5_ctx1024_mix10,ares,1024,96,True,cuda,25,0.0011508337656656901,0.0011547677515921985,14.494395599976997,,,,ft_combined,11,4203.246887862,combined,E5_ctx1024_mix10
granite-ttm-ft-E7_ctx1024_h192_mix10,ares,1024,96,True,cuda,25,0.0008704328536987303,0.0008788376513396058,9.471601599943824,,,,ft_combined,8,3565.928566823999,combined,E7_ctx1024_h192_mix10
granite-ttm-ft-E6_ctx1024_h192_uni,ares,1024,120,False,cuda,25,0.0010952504475911459,0.0012116485964274073,5.595915160010918,,,,ft_combined,1,1626.293196609,combined,E6_ctx1024_h192_uni
granite-ttm,ares,1024,120,False,cuda,25,0.0070270792643229,0.0075457267038091,4.851270399998384,,,,zero_shot,,,,
granite-ttm-ft-E7_ctx1024_h192_mix10,ares,1024,120,True,cuda,25,0.0007772776285807291,0.0007904634060832889,8.498949559943867,,,,ft_combined,8,3565.928566823999,combined,E7_ctx1024_h192_mix10
granite-ttm-ft-E6_ctx1024_h192_uni,ares,1024,192,False,cuda,25,0.0014447474479675293,0.0016062451060543557,5.269578160077799,,,,ft_combined,1,1626.293196609,combined,E6_ctx1024_h192_uni
granite-ttm-ft-E7_ctx1024_h192_mix10,ares,1024,192,True,cuda,25,0.0013093372186024981,0.0013397363239735568,9.466663239873014,,,,ft_combined,8,3565.928566823999,combined,E7_ctx1024_h192_mix10
granite-ttm,ares,1024,300,False,cuda,25,0.0072007354736328,0.0076107186759264,8.077229599998645,,,,zero_shot,,,,
granite-ttm,ares,1800,60,False,cuda,25,0.0040262908935546,0.0043620630205571,6.853473239997356,,,,zero_shot,,,,
granite-ttm,ares,1800,120,False,cuda,25,0.0056715323130289,0.0060911282849515,6.4784726400012005,,,,zero_shot,,,,
granite-ttm,ares,1800,300,False,cuda,25,0.0069060493469238,0.0073308065242154,6.644767839998167,,,,zero_shot,,,,
granite-ttm,ares,3600,60,False,cuda,25,0.0037551180521647,0.0040702108859774,6.065680840002869,,,,zero_shot,,,,
granite-ttm,ares,3600,120,False,cuda,25,0.0052110945383707,0.0055811720928552,6.94874671999969,,,,zero_shot,,,,
granite-ttm,ares,3600,300,False,cuda,25,0.0055497861226399,0.0057243284577279,7.611240440003257,,,,zero_shot,,,,
granite-ttm-ft-E4_ctx1024_uni,ares-comp-10,1024,60,False,cuda,25,0.17954965845743817,0.22132270143360397,7.0958212400000775,,,,ft_combined,0,1482.278143264,combined,E4_ctx1024_uni
granite-ttm-ft-E6_ctx1024_h192_uni,ares-comp-10,1024,60,False,cuda,25,0.17703106307983396,0.21524725969696015,5.363897159695625,,,,ft_combined,1,1626.293196609,combined,E6_ctx1024_h192_uni
granite-ttm,ares-comp-10,1024,60,False,cuda,25,0.0548583386739095,0.0877762443307609,4.8873840000010205,,,,zero_shot,,,,
granite-ttm-ft-E5_ctx1024_mix10,ares-comp-10,1024,60,True,cuda,25,0.1770323003133138,0.20961235681167442,8.124186799686868,,,,ft_combined,11,4203.246887862,combined,E5_ctx1024_mix10
granite-ttm-ft-E7_ctx1024_h192_mix10,ares-comp-10,1024,60,True,cuda,25,0.17748506546020504,0.20705789430968818,9.52006135994452,,,,ft_combined,8,3565.928566823999,combined,E7_ctx1024_h192_mix10
granite-ttm-ft-E4_ctx1024_uni,ares-comp-10,1024,96,False,cuda,25,0.2466463112831116,0.28906717309369007,6.968968880028115,,,,ft_combined,0,1482.278143264,combined,E4_ctx1024_uni
granite-ttm-ft-E6_ctx1024_h192_uni,ares-comp-10,1024,96,False,cuda,25,0.20926002661387122,0.24890261104297332,5.508478559786454,,,,ft_combined,1,1626.293196609,combined,E6_ctx1024_h192_uni
granite-ttm-ft-E5_ctx1024_mix10,ares-comp-10,1024,96,True,cuda,25,0.20190301179885867,0.23670676370860405,8.692115679805283,,,,ft_combined,11,4203.246887862,combined,E5_ctx1024_mix10
granite-ttm-ft-E7_ctx1024_h192_mix10,ares-comp-10,1024,96,True,cuda,25,0.15487926721572876,0.1914795136082314,8.857430240241229,,,,ft_combined,8,3565.928566823999,combined,E7_ctx1024_h192_mix10
granite-ttm-ft-E6_ctx1024_h192_uni,ares-comp-10,1024,120,False,cuda,25,0.2175334561665853,0.2711731173443263,5.294295600178884,,,,ft_combined,1,1626.293196609,combined,E6_ctx1024_h192_uni
granite-ttm,ares-comp-10,1024,120,False,cuda,25,0.0753046207427978,0.1007166692640439,5.591523559999132,,,,zero_shot,,,,
granite-ttm-ft-E7_ctx1024_h192_mix10,ares-comp-10,1024,120,True,cuda,25,0.21972321891784663,0.26572086344968887,9.762690560164629,,,,ft_combined,8,3565.928566823999,combined,E7_ctx1024_h192_mix10
granite-ttm-ft-E6_ctx1024_h192_uni,ares-comp-10,1024,192,False,cuda,25,0.21802672624588015,0.30958669647052534,6.032006800160161,,,,ft_combined,1,1626.293196609,combined,E6_ctx1024_h192_uni
granite-ttm-ft-E7_ctx1024_h192_mix10,ares-comp-10,1024,192,True,cuda,25,0.22720950802167253,0.3026311969086206,8.762684519970207,,,,ft_combined,8,3565.928566823999,combined,E7_ctx1024_h192_mix10
granite-ttm,ares-comp-10,1024,300,False,cuda,25,0.0827983418782552,0.1345537299891832,4.953088520002211,,,,zero_shot,,,,
granite-ttm,ares-comp-10,1800,60,False,cuda,25,0.0543156331380208,0.0685584366092198,4.859656920000361,,,,zero_shot,,,,
granite-ttm,ares-comp-10,1800,120,False,cuda,25,0.1118167858123779,0.2963990445994146,4.816886720000184,,,,zero_shot,,,,
granite-ttm,ares-comp-10,1800,300,False,cuda,25,0.1537118654886881,0.299658192278643,4.918353959998285,,,,zero_shot,,,,
granite-ttm,ares-comp-10,3600,60,False,cuda,25,0.1128146438598632,0.2838354358903827,4.879643239997904,,,,zero_shot,,,,
granite-ttm,ares-comp-10,3600,120,False,cuda,25,0.0847779935201009,0.2145582120233711,5.53678539999737,,,,zero_shot,,,,
granite-ttm,ares-comp-10,3600,300,False,cuda,25,0.0906880348205566,0.171642698205451,4.887599199998931,,,,zero_shot,,,,
granite-ttm-ft-E4_ctx1024_uni,chameleon,1024,60,False,cuda,25,0.017395319620768228,0.01900505400119814,5.408720079794875,,,,ft_combined,0,1482.278143264,combined,E4_ctx1024_uni
granite-ttm-ft-E6_ctx1024_h192_uni,chameleon,1024,60,False,cuda,25,0.01671081034342448,0.018694250070879864,6.035650280173286,,,,ft_combined,1,1626.293196609,combined,E6_ctx1024_h192_uni
granite-ttm,chameleon,1024,60,False,cuda,25,0.0579762929280599,0.0715282942647986,4.774863520001418,,,,zero_shot,,,,
granite-ttm-ft-E5_ctx1024_mix10,chameleon,1024,60,True,cuda,25,0.01663385009765625,0.017528222125686797,8.211237360010273,,,,ft_combined,11,4203.246887862,combined,E5_ctx1024_mix10
granite-ttm-ft-E7_ctx1024_h192_mix10,chameleon,1024,60,True,cuda,25,0.015188435872395833,0.01653567006359708,10.067622159913299,,,,ft_combined,8,3565.928566823999,combined,E7_ctx1024_h192_mix10
granite-ttm-ft-E4_ctx1024_uni,chameleon,1024,96,False,cuda,25,0.018121411005655924,0.02082517433226859,5.48746492000646,,,,ft_combined,0,1482.278143264,combined,E4_ctx1024_uni
granite-ttm-ft-E6_ctx1024_h192_uni,chameleon,1024,96,False,cuda,25,0.01712572415669759,0.01952134590803154,5.815515800204594,,,,ft_combined,1,1626.293196609,combined,E6_ctx1024_h192_uni
granite-ttm-ft-E5_ctx1024_mix10,chameleon,1024,96,True,cuda,25,0.017556130091349282,0.019118152300601408,7.700658359826775,,,,ft_combined,11,4203.246887862,combined,E5_ctx1024_mix10
granite-ttm-ft-E7_ctx1024_h192_mix10,chameleon,1024,96,True,cuda,25,0.017573620478312173,0.01966274669269086,11.174958359770244,,,,ft_combined,8,3565.928566823999,combined,E7_ctx1024_h192_mix10
granite-ttm-ft-E6_ctx1024_h192_uni,chameleon,1024,120,False,cuda,25,0.019460693359375,0.02216092882183873,5.409769320176565,,,,ft_combined,1,1626.293196609,combined,E6_ctx1024_h192_uni
granite-ttm,chameleon,1024,120,False,cuda,25,0.1194361317952474,0.2198617247173249,5.504306239996595,,,,zero_shot,,,,
granite-ttm-ft-E7_ctx1024_h192_mix10,chameleon,1024,120,True,cuda,25,0.018619715372721356,0.02078658722975414,9.982691640107078,,,,ft_combined,8,3565.928566823999,combined,E7_ctx1024_h192_mix10
granite-ttm-ft-E6_ctx1024_h192_uni,chameleon,1024,192,False,cuda,25,0.02140370845794677,0.024314811291379648,5.340516799988109,,,,ft_combined,1,1626.293196609,combined,E6_ctx1024_h192_uni
granite-ttm-ft-E7_ctx1024_h192_mix10,chameleon,1024,192,True,cuda,25,0.02173125902811686,0.02385751282219174,9.565286000142805,,,,ft_combined,8,3565.928566823999,combined,E7_ctx1024_h192_mix10
granite-ttm,chameleon,1024,300,False,cuda,25,0.1087176340738932,0.1933099913644933,4.808400800002346,,,,zero_shot,,,,
granite-ttm,chameleon,1800,60,False,cuda,25,0.1010769449869792,0.1299806895484439,4.988568119999854,,,,zero_shot,,,,
granite-ttm,chameleon,1800,120,False,cuda,25,0.1027781372070312,0.1376141924162183,4.95281795999631,,,,zero_shot,,,,
granite-ttm,chameleon,1800,300,False,cuda,25,0.0847592539469401,0.1381401277169595,5.057901160001848,,,,zero_shot,,,,
granite-ttm,chameleon,3600,60,False,cuda,25,0.081601094563802,0.1127839507100264,4.9315495999985615,,,,zero_shot,,,,
granite-ttm,chameleon,3600,120,False,cuda,25,0.2006918665568034,0.3517043381113147,5.619019199991726,,,,zero_shot,,,,
granite-ttm,chameleon,3600,300,False,cuda,25,0.256660893758138,0.432744222072395,4.846690199997283,,,,zero_shot,,,,
granite-ttm-ft-E4_ctx1024_uni,homelab,1024,60,False,cuda,25,0.019250835418701172,0.022827670576723805,7.161578199884389,,,,ft_combined,0,1482.278143264,combined,E4_ctx1024_uni
granite-ttm-ft-E6_ctx1024_h192_uni,homelab,1024,60,False,cuda,25,0.018651962280273438,0.0227462493501666,5.45350703971053,,,,ft_combined,1,1626.293196609,combined,E6_ctx1024_h192_uni
granite-ttm,homelab,1024,60,False,cuda,25,0.007607338587443,0.008020330087529,5.152991600000405,,,,zero_shot,,,,
granite-ttm-ft-E5_ctx1024_mix10,homelab,1024,60,True,cuda,25,0.015265949249267581,0.018345127867427164,8.56585419998737,,,,ft_combined,11,4203.246887862,combined,E5_ctx1024_mix10
granite-ttm-ft-E7_ctx1024_h192_mix10,homelab,1024,60,True,cuda,25,0.020040465037027996,0.022963555774315744,9.005345480181859,,,,ft_combined,8,3565.928566823999,combined,E7_ctx1024_h192_mix10
granite-ttm-ft-E4_ctx1024_uni,homelab,1024,96,False,cuda,25,0.023229158719380697,0.0293083796716059,5.4238523200911,,,,ft_combined,0,1482.278143264,combined,E4_ctx1024_uni
granite-ttm-ft-E6_ctx1024_h192_uni,homelab,1024,96,False,cuda,25,0.02271501183509826,0.029232898083975698,5.7670328399399295,,,,ft_combined,1,1626.293196609,combined,E6_ctx1024_h192_uni
granite-ttm-ft-E5_ctx1024_mix10,homelab,1024,96,True,cuda,25,0.01872352480888367,0.024687916887355138,7.8688165199855575,,,,ft_combined,11,4203.246887862,combined,E5_ctx1024_mix10
granite-ttm-ft-E7_ctx1024_h192_mix10,homelab,1024,96,True,cuda,25,0.021253220240275063,0.02580296785127691,10.07547267989139,,,,ft_combined,8,3565.928566823999,combined,E7_ctx1024_h192_mix10
granite-ttm-ft-E6_ctx1024_h192_uni,homelab,1024,120,False,cuda,25,0.027409278551737467,0.034609554739416126,6.228482560109114,,,,ft_combined,1,1626.293196609,combined,E6_ctx1024_h192_uni
granite-ttm,homelab,1024,120,False,cuda,25,0.0207227363586425,0.0213855207234908,4.939039439999533,,,,zero_shot,,,,
granite-ttm-ft-E7_ctx1024_h192_mix10,homelab,1024,120,True,cuda,25,0.024415980021158856,0.029713874281212402,8.798962960136123,,,,ft_combined,8,3565.928566823999,combined,E7_ctx1024_h192_mix10
granite-ttm-ft-E6_ctx1024_h192_uni,homelab,1024,192,False,cuda,25,0.03951321959495545,0.049098916687865604,5.714952999987872,,,,ft_combined,1,1626.293196609,combined,E6_ctx1024_h192_uni
granite-ttm-ft-E7_ctx1024_h192_mix10,homelab,1024,192,True,cuda,25,0.03942868689695994,0.04779117506826206,11.066984000135562,,,,ft_combined,8,3565.928566823999,combined,E7_ctx1024_h192_mix10
granite-ttm,homelab,1024,300,False,cuda,25,0.0259084671020507,0.0307053164081915,5.005987080000978,,,,zero_shot,,,,
granite-ttm,homelab,1800,60,False,cuda,25,0.0025696436564127,0.0029518654769067,5.005206879999946,,,,zero_shot,,,,
granite-ttm,homelab,1800,120,False,cuda,25,0.0058522011439005,0.0065002832914218,4.824121200001628,,,,zero_shot,,,,
granite-ttm,homelab,1800,300,False,cuda,25,0.01392110303243,0.0143889110539747,4.830838000000881,,,,zero_shot,,,,
granite-ttm,homelab,3600,60,False,cuda,25,0.0131687520345052,0.0146890092023219,5.493805600003725,,,,zero_shot,,,,
granite-ttm,homelab,3600,120,False,cuda,25,0.033624893506368,0.0357108591667717,4.824018839998416,,,,zero_shot,,,,
granite-ttm,homelab,3600,300,False,cuda,25,0.0530003730773925,0.0601695876264369,4.869590200001426,,,,zero_shot,,,,
